id,created_at,author_id,text,clean_text,code
1283331905346142208,2020-07-15 09:25:44+00:00,1315508486,@matcha_chai was there even a plate on the back of the car?,was there even a plate on the back of the car?,-1
1283332603676889089,2020-07-15 09:28:30+00:00,20835728,"@matcha_chai Odds are they're DHS.

#ThisIsWhatFascismLooksLike
#AbolishPolice
#AbolishICE 
#AbolishDHS","Odds are they're DHS.

#ThisIsWhatFascismLooksLike
#AbolishPolice
#AbolishICE 
#AbolishDHS",-1
1283335188643078145,2020-07-15 09:38:46+00:00,1149001506684669952,@matcha_chai @brianorwhatevr Weird AF!!!,Weird AF!!!,-1
1283336306228031488,2020-07-15 09:43:13+00:00,59222066,@matcha_chai That was so weird and happened so fast. They didn't even cuff the person or restrain them and drove away so quickly... what the hell was that?!,That was so weird and happened so fast. They didn't even cuff the person or restrain them and drove away so quickly... what the hell was that?!,-1
1283337938013569025,2020-07-15 09:49:42+00:00,980888591957045248,"@matcha_chai After seeing a video that started from the beginning of when they snatched me, it's clear that they are not saying anything they're just grabbing.","After seeing a video that started from the beginning of when they snatched me, it's clear that they are not saying anything they're just grabbing.",-1
1283338716426178562,2020-07-15 09:52:47+00:00,914198305760071681,@matcha_chai Warrants?,Warrants?,-1
1283339033880535042,2020-07-15 09:54:03+00:00,914198305760071681,@matcha_chai Use your words?  STFU?  Seriously?  The aren‚Äôt 2 year olds. Lol,Use your words?  STFU?  Seriously?  The aren‚Äôt 2 year olds. Lol,-1
1283339208921358336,2020-07-15 09:54:45+00:00,914198305760071681,"@matcha_chai Maybe, just maybe it isn‚Äôt your business?","Maybe, just maybe it isn‚Äôt your business?",-1
1283347350354890752,2020-07-15 10:27:06+00:00,16499925,@matcha_chai Where is this happening at? Is that a rental car? Has anyone identified the agency that is doing this? Where are the captured individuals taken?,Where is this happening at? Is that a rental car? Has anyone identified the agency that is doing this? Where are the captured individuals taken?,-1
1283347652382298113,2020-07-15 10:28:18+00:00,7493212,@matcha_chai The guy didn‚Äôt question it at all. Almost like he was expecting this.,The guy didn‚Äôt question it at all. Almost like he was expecting this.,-1
1283347980620378112,2020-07-15 10:29:36+00:00,2208904670,"@matcha_chai Arrest junkies needed a fix. They had not made their hourly quota. Used to be called ""stop and frisk"", now its ""bust and beat.""","Arrest junkies needed a fix. They had not made their hourly quota. Used to be called ""stop and frisk"", now its ""bust and beat.""",-1
1283350103160324096,2020-07-15 10:38:02+00:00,1281153864557686784,@matcha_chai Feds don't F around.,Feds don't F around.,-1
1283351884326043649,2020-07-15 10:45:07+00:00,4856811553,@matcha_chai They got you.,They got you.,-1
1283351891145940992,2020-07-15 10:45:09+00:00,1281153864557686784,@matcha_chai They know exactly who they are nabbing thanks to undercovers.,They know exactly who they are nabbing thanks to undercovers.,-1
1283371067835404289,2020-07-15 12:01:21+00:00,1037269378092474368,@matcha_chai @mathemattic Another kidnapping,Another kidnapping,-1
1283394083021484032,2020-07-15 13:32:48+00:00,356339074,@matcha_chai Hi Matcha!  I sent you a DM.  We @KOINNews are interested in your video!  Please check my DM or shoot us an email us at news@koin.com.  Thanks for your time!,Hi Matcha!  I sent you a DM.  We  are interested in your video!  Please check my DM or shoot us an email us at news.com.  Thanks for your time!,-1
1283408199446491136,2020-07-15 14:28:53+00:00,1219482896,@matcha_chai This is also how they arrest CI just fyi...,This is also how they arrest CI just fyi...,-1
1283410899714351104,2020-07-15 14:39:37+00:00,242501459,@matcha_chai WT very F ?!?!?!?,WT very F ?!?!?!?,-1
1283411086293766144,2020-07-15 14:40:22+00:00,122435888,@matcha_chai Gestapo at work,Gestapo at work,-1
1283416470509125632,2020-07-15 15:01:45+00:00,1086283879709761537,@matcha_chai Why wouldn‚Äôt he give his name? Does anyone know this person? Maybe I‚Äôm a lil paranoid after the story in the news that the feds have put out an average of 15 undercovers in the crowd every night,Why wouldn‚Äôt he give his name? Does anyone know this person? Maybe I‚Äôm a lil paranoid after the story in the news that the feds have put out an average of 15 undercovers in the crowd every night,-1
1283423760012410883,2020-07-15 15:30:43+00:00,28714372,@matcha_chai Did anyone get a plate of the Minivan of Justice? Would love to ask the rental company it's from some questions,Did anyone get a plate of the Minivan of Justice? Would love to ask the rental company it's from some questions,-1
1283426598507606016,2020-07-15 15:42:00+00:00,757938218868367365,@matcha_chai It almost looks like the feds are going around picking up their undercover agents for the night. Just speculation.,It almost looks like the feds are going around picking up their undercover agents for the night. Just speculation.,-1
1283430286852751361,2020-07-15 15:56:40+00:00,1088304909680893952,@matcha_chai Their mom@called and asked that their son get home for nAp time,Their mom and asked that their son get home for nAp time,-1
1283430478201192450,2020-07-15 15:57:25+00:00,1088304909680893952,@matcha_chai ‚ÄúUse your words‚Äù.  What are you an elementary school teacher?,‚ÄúUse your words‚Äù.  What are you an elementary school teacher?,-1
1283435735501209602,2020-07-15 16:18:19+00:00,49885691,@matcha_chai @JuniperLSimonis looks like CBP BORTAC,looks like CBP BORTAC,-1
1283436676128399361,2020-07-15 16:22:03+00:00,18312376,@matcha_chai @tradishskinbyrd Use your words....,Use your words....,-1
1283437163904991233,2020-07-15 16:23:59+00:00,18312376,"@matcha_chai @tradishskinbyrd He was/is one of the many insiders reporting on what‚Äôs being planned. 
If you think the good guys don‚Äôt know what‚Äôs going on you might be a little silly","He was/is one of the many insiders reporting on what‚Äôs being planned. 
If you think the good guys don‚Äôt know what‚Äôs going on you might be a little silly",-1
1283444036540362752,2020-07-15 16:51:18+00:00,899116466150047744,@matcha_chai And then they said it won‚Äôt be safe for you to walk down the streets because everybody knows what you deeds!!!!,And then they said it won‚Äôt be safe for you to walk down the streets because everybody knows what you deeds!!!!,-1
1283444548094562304,2020-07-15 16:53:20+00:00,2308900964,"@matcha_chai @jnmedina8989 Do you know what happened? Who was the person they arrested, who were the people arresting her, and where is she?","Do you know what happened? Who was the person they arrested, who were the people arresting her, and where is she?",-1
1283444626884448258,2020-07-15 16:53:38+00:00,759256253449338881,@matcha_chai I don‚Äôt want to sound crazy but what would Pinochet have done differently?,I don‚Äôt want to sound crazy but what would Pinochet have done differently?,-1
1283447073510232069,2020-07-15 17:03:22+00:00,106255393,"@matcha_chai Police still have to identify that they are arresting a person, otherwise touching them is battery.","Police still have to identify that they are arresting a person, otherwise touching them is battery.",-1
1283447534967558146,2020-07-15 17:05:12+00:00,1227858519526903809,@matcha_chai @FayeEcklar Where is this?,Where is this?,-1
1283455378768965633,2020-07-15 17:36:22+00:00,1100624554651762689,@matcha_chai What the hell is going on?,What the hell is going on?,-1
1283457096596492289,2020-07-15 17:43:11+00:00,1271005133078319105,@matcha_chai More @TheWarMonitor,More,-1
1283457991807827970,2020-07-15 17:46:45+00:00,1259349994634711041,"@matcha_chai A dark room a bench and a bucket of water, the terrorism label on antifa means its all legal.","A dark room a bench and a bucket of water, the terrorism label on antifa means its all legal.",-1
1283458389398433799,2020-07-15 17:48:20+00:00,871192258858500096,@matcha_chai And tossed them in the back of an unmarked dark SUV,And tossed them in the back of an unmarked dark SUV,-1
1283460313287929862,2020-07-15 17:55:58+00:00,3759011713,@matcha_chai This looks like a straight up extraction.,This looks like a straight up extraction.,-1
1283463088667152384,2020-07-15 18:07:00+00:00,827333887,"@matcha_chai Who took this video? Are there multiple sources? Does anyone have an ID of the what-appears-to-be abducted person? Was the family notified? Any ID of who or what these ""officers"" are? How do we know they aren't some rogue militia?","Who took this video? Are there multiple sources? Does anyone have an ID of the what-appears-to-be abducted person? Was the family notified? Any ID of who or what these ""officers"" are? How do we know they aren't some rogue militia?",-1
1283468981756588032,2020-07-15 18:30:25+00:00,3285710982,"@matcha_chai ""Use your words""??  People actually talk like that seriously?? :UGH:","""Use your words""??  People actually talk like that seriously?? :UGH:",-1
1283475249472909312,2020-07-15 18:55:19+00:00,940341654493507584,"@matcha_chai Remember, its really important to say your names","Remember, its really important to say your names",-1
1283476588252680192,2020-07-15 19:00:39+00:00,1278417453224087552,@matcha_chai What happened before the video started? How can you claim the arrest happened ‚Äúfor no reason‚Äù?,What happened before the video started? How can you claim the arrest happened ‚Äúfor no reason‚Äù?,-1
1283476608255504385,2020-07-15 19:00:43+00:00,1267313087763406848,@matcha_chai @PNWYLF He didnt want to give his name cause he knew he did something very very illegal and thats why they were coming to get him. Not rocket surgery here.,He didnt want to give his name cause he knew he did something very very illegal and thats why they were coming to get him. Not rocket surgery here.,-1
1283478002920067072,2020-07-15 19:06:16+00:00,1244946858205753345,@matcha_chai Hi Matcha - sending you a DM.,Hi Matcha - sending you a DM.,-1
1283480188722884608,2020-07-15 19:14:57+00:00,1270841784034160640,"@matcha_chai For anyone surprised by these tactics, ICE has been doing this to migrants for a while now. Glad youre ok","For anyone surprised by these tactics, ICE has been doing this to migrants for a while now. Glad youre ok",-1
1283480258646126592,2020-07-15 19:15:14+00:00,1197723661349707776,"@matcha_chai there are plainclothes feds in the crowds according to court documents, and they are definitely deliberately targeting ppl based off of those guys","there are plainclothes feds in the crowds according to court documents, and they are definitely deliberately targeting ppl based off of those guys",-1
1283482787467624451,2020-07-15 19:25:17+00:00,1225681141362913282,@matcha_chai @PNWYLF Bro if mfs roll up on me like this we are going for a run.,Bro if mfs roll up on me like this we are going for a run.,-1
1283484769334902784,2020-07-15 19:33:09+00:00,827333887,"@matcha_chai Thanks! Was the person arrested or charged with anything? Did they release them? Where did they take them? Any news on what type of ""officers"" these are? This whole thing is so bizarre. Could they be part of Barr's ""unmarked"" enforcer group we were seeing last couple months?","Thanks! Was the person arrested or charged with anything? Did they release them? Where did they take them? Any news on what type of ""officers"" these are? This whole thing is so bizarre. Could they be part of Barr's ""unmarked"" enforcer group we were seeing last couple months?",-1
1283486739458174977,2020-07-15 19:40:59+00:00,96084936,"@matcha_chai is this whole thing staged?   There is way too much going on here to believe, but if it is true, it's appalling on every level.","is this whole thing staged?   There is way too much going on here to believe, but if it is true, it's appalling on every level.",-1
1283487317622026240,2020-07-15 19:43:17+00:00,369871305,@matcha_chai in a fucking grand caravan w non federal plates ü§î,in a fucking grand caravan w non federal plates ü§î,-1
1283488258475921409,2020-07-15 19:47:01+00:00,2914720085,@matcha_chai Now suddenly you care bout upholding the law?,Now suddenly you care bout upholding the law?,-1
1283489094102847489,2020-07-15 19:50:20+00:00,2476399100,"@matcha_chai You all need to read up on local, state, and federal laws, and above all for the love of god, read the first ammendment.","You all need to read up on local, state, and federal laws, and above all for the love of god, read the first ammendment.",-1
1283490013402079232,2020-07-15 19:53:59+00:00,448014874,@matcha_chai They  arrested her because she was  probably destroying federal property.,They  arrested her because she was  probably destroying federal property.,-1
1283490615561314304,2020-07-15 19:56:23+00:00,441922153,@matcha_chai This is a trailer for a movie none of us want to see.  But we did see it.  It ain't movie.,This is a trailer for a movie none of us want to see.  But we did see it.  It ain't movie.,-1
1283491632600559620,2020-07-15 20:00:25+00:00,2979848405,@matcha_chai @yogaskidogs Do you think they're actually the feds? It just seems really odd,Do you think they're actually the feds? It just seems really odd,-1
1283492773526732802,2020-07-15 20:04:58+00:00,23229279,@matcha_chai Why the fuk are they in Camo? We can see you MFs!! This is some Russia type bullshit!! I guess this is where are at now?,Why the fuk are they in Camo? We can see you MFs!! This is some Russia type bullshit!! I guess this is where are at now?,-1
1283495939316092931,2020-07-15 20:17:32+00:00,53350891,@matcha_chai What were these people doing before they were approached? Just walking the streets?,What were these people doing before they were approached? Just walking the streets?,-1
1283500171943346176,2020-07-15 20:34:21+00:00,112546925,@matcha_chai Glad Portland PD is finally policing!,Glad Portland PD is finally policing!,-1
1283500250670358528,2020-07-15 20:34:40+00:00,805646017265700868,@matcha_chai What I want to know is why are police dressed like soldiers in Afghanistan?,What I want to know is why are police dressed like soldiers in Afghanistan?,-1
1283502702048219138,2020-07-15 20:44:25+00:00,1061014207947268096,"@matcha_chai You sound like a complete and utter moron btw. Just so you know, they have no reason or need to talk to you, an unindicted party.","You sound like a complete and utter moron btw. Just so you know, they have no reason or need to talk to you, an unindicted party.",-1
1283503159621689344,2020-07-15 20:46:14+00:00,972471197068865537,@matcha_chai Ah yes a 39 second video showing no context at all...,Ah yes a 39 second video showing no context at all...,-1
1283508142383431682,2020-07-15 21:06:02+00:00,1105995298629926912,@matcha_chai My guess is a undercover agent ending his tour....,My guess is a undercover agent ending his tour....,-1
1283509841307111424,2020-07-15 21:12:47+00:00,1258842824147005440,"@matcha_chai Welcome to America, Land of the Free, where you have no rights.","Welcome to America, Land of the Free, where you have no rights.",-1
1283509980478439429,2020-07-15 21:13:20+00:00,256332194,@matcha_chai This actually looks fake,This actually looks fake,-1
1283510938813919232,2020-07-15 21:17:08+00:00,23346136,@matcha_chai Thank you for recording this.,Thank you for recording this.,-1
1283511633650819077,2020-07-15 21:19:54+00:00,20339841,@matcha_chai Welcome to tRump's aMErica.,Welcome to tRump's aMErica.,-1
1283511998731489283,2020-07-15 21:21:21+00:00,926119049070866433,@matcha_chai Did you brainiacs ever stop to think it might have been an informant working for the police ? Hands were up before they were even on the sidewalk good ... arrested without a word being uttered.  Guess what pin-heads ... there‚Äôs more,Did you brainiacs ever stop to think it might have been an informant working for the police ? Hands were up before they were even on the sidewalk good ... arrested without a word being uttered.  Guess what pin-heads ... there‚Äôs more,-1
1283512770063929344,2020-07-15 21:24:25+00:00,831144213760835584,@matcha_chai They could be MP‚Äôs arresting an AWOL enlistee. The person seemed to know they were after them and went peacefully.,They could be MP‚Äôs arresting an AWOL enlistee. The person seemed to know they were after them and went peacefully.,-1
1283515596194426888,2020-07-15 21:35:39+00:00,2529226372,@matcha_chai Chilling this looked like a case of rendition...,Chilling this looked like a case of rendition...,-1
1283517889849499648,2020-07-15 21:44:46+00:00,2756109035,@matcha_chai @honker3d Have people been keeping track of what happens to the people that get taken by these unmarked vehicles? Do they turn up again?,Have people been keeping track of what happens to the people that get taken by these unmarked vehicles? Do they turn up again?,-1
1283518158339477505,2020-07-15 21:45:50+00:00,4857401979,@matcha_chai Was it baron,Was it baron,-1
1283519395126534144,2020-07-15 21:50:45+00:00,1267857615314456582,@matcha_chai @yogaskidogs When and where was this please?,When and where was this please?,-1
1283520381249191936,2020-07-15 21:54:40+00:00,2169161300,@matcha_chai This is so unnerving. People‚Äôs rights are disappearing. How can it possibly be legal to pluck people off the street?  Where are they being taken?  What did they do?  I am sick of the lack of accountability from people in power.,This is so unnerving. People‚Äôs rights are disappearing. How can it possibly be legal to pluck people off the street?  Where are they being taken?  What did they do?  I am sick of the lack of accountability from people in power.,-1
1283522779556577281,2020-07-15 22:04:12+00:00,2302586047,"@matcha_chai @benFranklin2018 The 4th amendment was killed with the Patriot Act.

Americans are no longer protected from unlawful search and seizure and can be held indefinitely without being charged with a crime.","The 4th amendment was killed with the Patriot Act.

Americans are no longer protected from unlawful search and seizure and can be held indefinitely without being charged with a crime.",-1
1283522999824654342,2020-07-15 22:05:04+00:00,1255302918,"@matcha_chai US Federal Marshal attempt illegal snatch &amp; grab arrest tactic. Soon as they seen they are on camera they run off FAST! They know what they are doing is illegal &amp; shouldn't be caught on film.

https://t.co/2jP6vaCysZ","US Federal Marshal attempt illegal snatch & grab arrest tactic. Soon as they seen they are on camera they run off FAST! They know what they are doing is illegal & shouldn't be caught on film.

https://t.co/2jP6vaCysZ",-1
1283526327430045697,2020-07-15 22:18:17+00:00,24944635,@matcha_chai No license plate? In the future free countries will use us as the example of totalitarian societies in the 21st t. https://t.co/1cprZVj7fO,No license plate? In the future free countries will use us as the example of totalitarian societies in the 21st t. https://t.co/1cprZVj7fO,-1
1283526935151366145,2020-07-15 22:20:42+00:00,428540419,"@matcha_chai Did you know this person personally, this just kind of seems like the scene of an undercover person being evacuated. Or they are just straight operating targeted kidnaps.","Did you know this person personally, this just kind of seems like the scene of an undercover person being evacuated. Or they are just straight operating targeted kidnaps.",-1
1283527275577659392,2020-07-15 22:22:03+00:00,24944635,@matcha_chai OK. Here's one. I mean if these guys don't identify themselves what authority do they have? Their guns? Do we really all arm ourselves now? https://t.co/rzXFnnCajw,OK. Here's one. I mean if these guys don't identify themselves what authority do they have? Their guns? Do we really all arm ourselves now? https://t.co/rzXFnnCajw,-1
1283531342882447360,2020-07-15 22:38:13+00:00,27916200,@matcha_chai Sucks to be you,Sucks to be you,-1
1283532302195159040,2020-07-15 22:42:02+00:00,1193374671627882496,"@matcha_chai First of all, everyone down there was told 20-30 times to get out. Number two, When the military tells you to stop, you stop. The level of denial of Violence is Garbage. NO ONE gets arrested for no reason.  You need to lay off the Lies","First of all, everyone down there was told 20-30 times to get out. Number two, When the military tells you to stop, you stop. The level of denial of Violence is Garbage. NO ONE gets arrested for no reason.  You need to lay off the Lies",-1
1283534051618328577,2020-07-15 22:48:59+00:00,1265365774803144704,@matcha_chai are they even police? Could be kidnapping.,are they even police? Could be kidnapping.,-1
1283538034156347395,2020-07-15 23:04:48+00:00,42696129,@matcha_chai Should‚Äôve slashed their tires!!,Should‚Äôve slashed their tires!!,-1
1283538430287384578,2020-07-15 23:06:23+00:00,42696129,@matcha_chai That is straight up kidnapping!!,That is straight up kidnapping!!,-1
1283542645952962565,2020-07-15 23:23:08+00:00,56723572,@matcha_chai @HalflingCaravan No reason? and dress like a terrorist???? don¬¥t years playing counter strike means nothing? if he have nothing to hide no reason to run from justice.,No reason? and dress like a terrorist???? don¬¥t years playing counter strike means nothing? if he have nothing to hide no reason to run from justice.,-1
1283546543451037697,2020-07-15 23:38:37+00:00,29067265,"@matcha_chai Sorry... not sure I am buying this... the guy put his hands behind his back, but they never used cuffs or zip ties. They didn't even give the guy any instructions and yet he put his hands behind his back and went quietly? Just seems odd.","Sorry... not sure I am buying this... the guy put his hands behind his back, but they never used cuffs or zip ties. They didn't even give the guy any instructions and yet he put his hands behind his back and went quietly? Just seems odd.",-1
1283553318229495809,2020-07-16 00:05:32+00:00,2739446098,@matcha_chai Wow next they will send in black helicopters,Wow next they will send in black helicopters,-1
1283556353584267265,2020-07-16 00:17:36+00:00,198527331,@matcha_chai Was that an arrest or an undercover getting pulled in for a debrief?,Was that an arrest or an undercover getting pulled in for a debrief?,-1
1283556875192025088,2020-07-16 00:19:41+00:00,355740000,@matcha_chai Obviously they had a reason.,Obviously they had a reason.,-1
1283563554096873473,2020-07-16 00:46:13+00:00,4750820924,@matcha_chai No reason ? Lol. Now that‚Äôs funny,No reason ? Lol. Now that‚Äôs funny,-1
1283565097957433344,2020-07-16 00:52:21+00:00,1275257849506140161,"@matcha_chai I'm calling it now ...
this SMELLS of PSYOP

The person being 'kidnapped'
remains silent when asked to give ...
their name

This smells more of a STAGED extraction
done purely for SHOCK VALUE

If this was a real protestor ...
why didn't he give his name on camera?","I'm calling it now ...
this SMELLS of PSYOP

The person being 'kidnapped'
remains silent when asked to give ...
their name

This smells more of a STAGED extraction
done purely for SHOCK VALUE

If this was a real protestor ...
why didn't he give his name on camera?",-1
1283567007930056704,2020-07-16 00:59:56+00:00,1158571111627423744,@matcha_chai So kidnapping is legal so long as you are in law enforcement.,So kidnapping is legal so long as you are in law enforcement.,-1
1283567704373293057,2020-07-16 01:02:42+00:00,786077476959248385,@matcha_chai Use your words...‚Äùmommy‚Äù,Use your words...‚Äùmommy‚Äù,-1
1283573759174078464,2020-07-16 01:26:46+00:00,812483527111413760,"@matcha_chai Use your words. Mon Dieu. Flunked English, Speech and Debate classes. Uneducated morons... ‚òπÔ∏è","Use your words. Mon Dieu. Flunked English, Speech and Debate classes. Uneducated morons... ‚òπÔ∏è",-1
1283584025626505216,2020-07-16 02:07:34+00:00,726518562173624320,@matcha_chai Im sorry this Look's fake.,Im sorry this Look's fake.,-1
1283587530684858370,2020-07-16 02:21:29+00:00,885872553662664705,@matcha_chai @yogaskidogs do you have any better angles of the patches on their shoulders,do you have any better angles of the patches on their shoulders,-1
1283597659752849408,2020-07-16 03:01:44+00:00,776584103487348736,"@matcha_chai yeah, nothing at all happened before the video starts. Nothing to see, pay NO attention to the man behind the curtain! lol, you communists are a joke.","yeah, nothing at all happened before the video starts. Nothing to see, pay NO attention to the man behind the curtain! lol, you communists are a joke.",-1
1283604730674126852,2020-07-16 03:29:50+00:00,809832169677864960,@matcha_chai @JamesLeonis Maybe they were pulling one of their own out.,Maybe they were pulling one of their own out.,-1
1283608737702465536,2020-07-16 03:45:46+00:00,1282821175496892421,"@matcha_chai Hi gotta ask two questions; 1) since when do federal officer where clothing that says ‚Äúpolice‚Äù, don‚Äôt they have their agency acronym on them instead? 2) given that you didn‚Äôt know this person and how easily give up to these alleged officers, you sure this wasted stage for you?","Hi gotta ask two questions; 1) since when do federal officer where clothing that says ‚Äúpolice‚Äù, don‚Äôt they have their agency acronym on them instead? 2) given that you didn‚Äôt know this person and how easily give up to these alleged officers, you sure this wasted stage for you?",-1
1283611021429673987,2020-07-16 03:54:50+00:00,108594651,@matcha_chai @betsystansell This doesn't look real.  It looks like bad acting.,This doesn't look real.  It looks like bad acting.,-1
1283611306646536197,2020-07-16 03:55:58+00:00,108594651,@matcha_chai @betsystansell It is not believable.  The person arrested was white.  Now if the person was of color and they almost brutally killed him or her then it would be believable.,It is not believable.  The person arrested was white.  Now if the person was of color and they almost brutally killed him or her then it would be believable.,-1
1283613201859358723,2020-07-16 04:03:30+00:00,1281307726472032257,@matcha_chai That's their job!! The real world!,That's their job!! The real world!,-1
1283620724809306112,2020-07-16 04:33:23+00:00,3461030729,@matcha_chai Why are they dressed for Desert Storm?,Why are they dressed for Desert Storm?,-1
1283629267771781121,2020-07-16 05:07:20+00:00,814966575161810945,@matcha_chai No reason? Are you sure? Were they arrested?  Were they a federal agent plant safely retrieved? #ThesePeopleAreStupid,No reason? Are you sure? Were they arrested?  Were they a federal agent plant safely retrieved? #ThesePeopleAreStupid,-1
1283630947972321280,2020-07-16 05:14:01+00:00,1247873534,@matcha_chai Looks staged.,Looks staged.,-1
1283631513293078528,2020-07-16 05:16:16+00:00,2746665824,@matcha_chai @Itsmackin Lol yea I bet he didn‚Äôt do nothing,Lol yea I bet he didn‚Äôt do nothing,-1
1283636496684052481,2020-07-16 05:36:04+00:00,932361473396916224,@matcha_chai Hey @portlandmercury how is this okay?,Hey  how is this okay?,-1
1283639589274636288,2020-07-16 05:48:21+00:00,1153241406305124352,@matcha_chai They obviously had an outstanding warrant &amp; it was served,They obviously had an outstanding warrant & it was served,-1
1283649930804867072,2020-07-16 06:29:27+00:00,736266952289570817,"@matcha_chai wow, no reason, this will prove to be quite the scandal then.  Do we know the name of the person taken into custody?","wow, no reason, this will prove to be quite the scandal then.  Do we know the name of the person taken into custody?",-1
1283651373968625664,2020-07-16 06:35:11+00:00,18700716,@matcha_chai @yogaskidogs I‚Äôm glad you‚Äôre OK. Can‚Äôt believe what‚Äôs going on.,I‚Äôm glad you‚Äôre OK. Can‚Äôt believe what‚Äôs going on.,-1
1283654985692196865,2020-07-16 06:49:32+00:00,279359839,@matcha_chai Glad to see these thugs being arrested.,Glad to see these thugs being arrested.,-1
1283656027695493122,2020-07-16 06:53:40+00:00,375414500,"@matcha_chai @TaePhoenix Where are these folks being arrested by the Feds being held? Are they being afforded due process?
@StanleyCohenLaw Have you seen what is going on in Portland, OR?","Where are these folks being arrested by the Feds being held? Are they being afforded due process?
 Have you seen what is going on in Portland, OR?",-1
1283661743332315141,2020-07-16 07:16:23+00:00,69521125,@matcha_chai @randybias That appears to be a kidnapping. I didn't hear them identify themselves or state that he was under arrest but maybe they were quiet which seems unlikely,That appears to be a kidnapping. I didn't hear them identify themselves or state that he was under arrest but maybe they were quiet which seems unlikely,-1
1283662736509947904,2020-07-16 07:20:20+00:00,1282797748434227200,"@matcha_chai @PNWYLF This is highly sus, like yeah they're snatching people but it doesn't go down all calm like that. They got out on the other end of the intersection and approached slowly, no weapons drawn... if they coming for you at least make them work for it?","This is highly sus, like yeah they're snatching people but it doesn't go down all calm like that. They got out on the other end of the intersection and approached slowly, no weapons drawn... if they coming for you at least make them work for it?",-1
1283678235876827136,2020-07-16 08:21:55+00:00,1277963014440771585,@matcha_chai Fake and gay,Fake and gay,-1
1283680046776029184,2020-07-16 08:29:07+00:00,2381234624,@matcha_chai Where is this at? Crazy stuff,Where is this at? Crazy stuff,-1
1283692004833198080,2020-07-16 09:16:38+00:00,367762472,@matcha_chai No reason. üòÇü§£üòÇü§£üòÇü§£üòÇü§£üòÇü§£üòÇü§£,No reason. üòÇü§£üòÇü§£üòÇü§£üòÇü§£üòÇü§£üòÇü§£,-1
1283701493288153089,2020-07-16 09:54:20+00:00,20123700,@matcha_chai @logonorblastoff Kidnapped*,Kidnapped*,-1
1283702054704185346,2020-07-16 09:56:34+00:00,1269848714593497089,"@matcha_chai These are Feds. They do not have to tell you anything.  If they have given instructions to clear an area, then anyone who does not is treated as hostile.  This is a fact.  This is how they are trained, and how they have always been trained.","These are Feds. They do not have to tell you anything.  If they have given instructions to clear an area, then anyone who does not is treated as hostile.  This is a fact.  This is how they are trained, and how they have always been trained.",-1
1283703949237776384,2020-07-16 10:04:06+00:00,1206075203731673088,@matcha_chai If I see unidentified militarized people trying to seize people into an unmarked van with zero indications that they are law enforcement... This is an arrest I would resist and encourage others to resist because there's no way in hell to verify they're actually LEOs.,If I see unidentified militarized people trying to seize people into an unmarked van with zero indications that they are law enforcement... This is an arrest I would resist and encourage others to resist because there's no way in hell to verify they're actually LEOs.,-1
1283719257998667776,2020-07-16 11:04:56+00:00,1244225226772303872,@matcha_chai @EMTPromises There is alot we don't know here,There is alot we don't know here,-1
1283751725241896960,2020-07-16 13:13:56+00:00,819514648521297920,@matcha_chai @MNateShyamalan How do we know they are federal officers?,How do we know they are federal officers?,-1
1283755111848665088,2020-07-16 13:27:24+00:00,15600217,@matcha_chai No reason?  Federal officers? That is really an assumption.  Maybe that dude killed one of his comrade's dog and they are just giving him a ride to kick his ass.   - I can make up stories too!,No reason?  Federal officers? That is really an assumption.  Maybe that dude killed one of his comrade's dog and they are just giving him a ride to kick his ass.   - I can make up stories too!,-1
1283760628323106817,2020-07-16 13:49:19+00:00,770046663926902784,@matcha_chai WTF?????? Where Is the governor??????? @ACLU @ACLU @MSNBC @maddow @WhenWeAllVote @votolatino @washingtonpost @latimes @Lawrence @nytimes @washingtonpost @Alyssa_Milano @ananavarro @Lawrence @BBCWorld,WTF?????? Where Is the governor???????,-1
1283764357080309761,2020-07-16 14:04:08+00:00,1199180003008630784,@matcha_chai Just pulling out their undercovers! The clock is ticking. They have plans and I certainly wouldn't sleep soundly during the day. Good Luck. Federal charges are different that dealing with local PD and prosecutors.,Just pulling out their undercovers! The clock is ticking. They have plans and I certainly wouldn't sleep soundly during the day. Good Luck. Federal charges are different that dealing with local PD and prosecutors.,-1
1283767045461610498,2020-07-16 14:14:49+00:00,1568151678,@matcha_chai @PatrickECooley How long before militia types try this and people show up in trees and gutters?,How long before militia types try this and people show up in trees and gutters?,-1
1283774995592773632,2020-07-16 14:46:24+00:00,42810480,@matcha_chai This way it makes it harder for you guys to see the vehicles you want to burn in advance. You can see marked cars well in advance and plan your destruction. Pretty smart of them.,This way it makes it harder for you guys to see the vehicles you want to burn in advance. You can see marked cars well in advance and plan your destruction. Pretty smart of them.,-1
1283777217919455232,2020-07-16 14:55:14+00:00,1267875472496455680,"@matcha_chai thats not arrest, no rights were read no idefecations made, thats kidnapping, rendition shit. and that is a citezen. and who the fuck are the nrown shirts?","thats not arrest, no rights were read no idefecations made, thats kidnapping, rendition shit. and that is a citezen. and who the fuck are the nrown shirts?",-1
1283777911657385984,2020-07-16 14:58:00+00:00,1267875472496455680,"@matcha_chai @repblumenauer @RepPeterDeFazio @repblumenauer @OregonGovBrown it thos ok with yoy? do something to protect your people. from the Gestapo.  or do we the people need to do something to protect ourselves? have we reached that point? the constitution seems to be suspended, so.....","it thos ok with yoy? do something to protect your people. from the Gestapo.  or do we the people need to do something to protect ourselves? have we reached that point? the constitution seems to be suspended, so.....",-1
1283781825631006721,2020-07-16 15:13:33+00:00,2983061457,@matcha_chai This is a poor quality fake. Officer Bootyshakewalk on the right is no police officer.,This is a poor quality fake. Officer Bootyshakewalk on the right is no police officer.,-1
1283784712108929024,2020-07-16 15:25:01+00:00,1233776774615453696,@matcha_chai Looks like they picked up a fellow officer honestly. Little shit was a ‚Äúred‚Äù (agitator) probably.,Looks like they picked up a fellow officer honestly. Little shit was a ‚Äúred‚Äù (agitator) probably.,-1
1283787264418430977,2020-07-16 15:35:10+00:00,900067509822398465,@matcha_chai I'm sure they had a reason.,I'm sure they had a reason.,-1
1283792136354373633,2020-07-16 15:54:31+00:00,19835018,"@matcha_chai Who, what , where, when?","Who, what , where, when?",-1
1283798993563258884,2020-07-16 16:21:46+00:00,1249915695334412289,@matcha_chai @yogaskidogs Do you know if the person was charged or why they took them?  Not doubting you.  I've seen the crazy stuff going on there.  I'm just trying to get more details.,Do you know if the person was charged or why they took them?  Not doubting you.  I've seen the crazy stuff going on there.  I'm just trying to get more details.,-1
1283805247178027008,2020-07-16 16:46:37+00:00,22104853,@matcha_chai Obscene. Walking away from the area with his hands up and they arrest him? The fed storm troopers (and their local counterparts) are brutish cowards. Only cowards drenched in fear behave as brutes and bullies.,Obscene. Walking away from the area with his hands up and they arrest him? The fed storm troopers (and their local counterparts) are brutish cowards. Only cowards drenched in fear behave as brutes and bullies.,-1
1283825592178221056,2020-07-16 18:07:28+00:00,844644930731593732,@matcha_chai Is this real? Police state,Is this real? Police state,-1
1283829386316337154,2020-07-16 18:22:32+00:00,238756209,"@matcha_chai ""Use your words"" lmfao they aren't your kids and they don't have to tell you anything","""Use your words"" lmfao they aren't your kids and they don't have to tell you anything",-1
1283849418282868736,2020-07-16 19:42:08+00:00,1122774472879161345,"@matcha_chai I am so tired of this misuse of power ~ we need to immediately fire people like this and educate military + police about abusing citizens. Ignorance,+arrogance are inexcusable. Are they not aware of the Black Lives Matter movement? (oppressive authority figures need to go!)","I am so tired of this misuse of power ~ we need to immediately fire people like this and educate military + police about abusing citizens. Ignorance,+arrogance are inexcusable. Are they not aware of the Black Lives Matter movement? (oppressive authority figures need to go!)",-1
1283900797680529415,2020-07-16 23:06:18+00:00,1274054070471458819,"@matcha_chai Interesting that they did not handcuff him.  Did not at the building.  Did not at the vehicle.  No pat down either.  So they just stuffed them in the van, no restraints no weapons search?  What ""Federal Police"" are there?  None.  If they are police, what city?","Interesting that they did not handcuff him.  Did not at the building.  Did not at the vehicle.  No pat down either.  So they just stuffed them in the van, no restraints no weapons search?  What ""Federal Police"" are there?  None.  If they are police, what city?",-1
1283911649225826304,2020-07-16 23:49:25+00:00,86435490,"@matcha_chai Use your words, are they speaki g to a toddler?","Use your words, are they speaki g to a toddler?",-1
1283921294514421766,2020-07-17 00:27:45+00:00,238628393,@matcha_chai Why do Americans care about the 2nd amendment when they don't seem to know what it's original purpose was???,Why do Americans care about the 2nd amendment when they don't seem to know what it's original purpose was???,-1
1283924484710379521,2020-07-17 00:40:25+00:00,1281575279543095296,@matcha_chai Of course Karen has to oink oink oink herself into the situation. üòÇü¶ñ,Of course Karen has to oink oink oink herself into the situation. üòÇü¶ñ,-1
1283932023669821442,2020-07-17 01:10:23+00:00,1078772972771557376,@matcha_chai Thank God someone is doing something,Thank God someone is doing something,-1
1283935446167441408,2020-07-17 01:23:59+00:00,883511046346092544,@matcha_chai @AmmConservative Who Is ‚ÄùNLG‚Äù that will get them out ?,Who Is ‚ÄùNLG‚Äù that will get them out ?,-1
1283949623007207425,2020-07-17 02:20:19+00:00,859246469257285638,@matcha_chai Yeah I‚Äôm sure it was for no reason.,Yeah I‚Äôm sure it was for no reason.,-1
1283951101486731264,2020-07-17 02:26:11+00:00,834968407946719232,@matcha_chai How does the guy in black know they're here for him? Why does he surrender to military randos so easily? Why isn't he restrained? Why don't we see him being placed in the vehicle. The seems like a set up.,How does the guy in black know they're here for him? Why does he surrender to military randos so easily? Why isn't he restrained? Why don't we see him being placed in the vehicle. The seems like a set up.,-1
1283953953466576898,2020-07-17 02:37:31+00:00,336299565,"@matcha_chai Good, hope they take all of you scum out and ""rendition"" you","Good, hope they take all of you scum out and ""rendition"" you",-1
1283966098191376384,2020-07-17 03:25:47+00:00,3167305575,"@matcha_chai W T F is happening to our country? Disease rapidly infecting &amp; killing, soldiers with bounties on their heads, police killing blacks, pres racist words encouraging Asian hate crimes, demonizing brown ppl, locking kids in cages, stealing from the military to build unneeded fence..","W T F is happening to our country? Disease rapidly infecting & killing, soldiers with bounties on their heads, police killing blacks, pres racist words encouraging Asian hate crimes, demonizing brown ppl, locking kids in cages, stealing from the military to build unneeded fence..",-1
1283969227733585920,2020-07-17 03:38:13+00:00,1144063784,@matcha_chai Good!,Good!,-1
1283973502412836864,2020-07-17 03:55:12+00:00,854517521961046016,"@matcha_chai These Nazi fascist came to Portland to kidnap and violate the rights of the citizens. 
They are not here to stop violence.. they're here to accelerate it.","These Nazi fascist came to Portland to kidnap and violate the rights of the citizens. 
They are not here to stop violence.. they're here to accelerate it.",-1
1283981774557638656,2020-07-17 04:28:04+00:00,260631769,@matcha_chai Bahahahaha hilarious. ‚ÄúUse your words‚Äù does she think she is talking to a toddler?,Bahahahaha hilarious. ‚ÄúUse your words‚Äù does she think she is talking to a toddler?,-1
1283991683949113344,2020-07-17 05:07:27+00:00,16008908,@matcha_chai @yogaskidogs Ty for looking and recording,Ty for looking and recording,-1
1283992620520407041,2020-07-17 05:11:10+00:00,16008908,@matcha_chai @yogaskidogs Was Portland the city that nearly had an #MLK parade bombed back 2011 2012?  @splcenter HAS that region on their map of hate groups,Was Portland the city that nearly had an #MLK parade bombed back 2011 2012?   HAS that region on their map of hate groups,-1
1283993166673256449,2020-07-17 05:13:21+00:00,16008908,@matcha_chai @yogaskidogs Wonder if that‚Äôs why Cruz üßîüèªwent there,Wonder if that‚Äôs why Cruz üßîüèªwent there,-1
1283993838969917441,2020-07-17 05:16:01+00:00,2413002979,"@matcha_chai @BettyBuckley Gees us!
Take the woman who's talking in this!
#useyourwords","Gees us!
Take the woman who's talking in this!
#useyourwords",-1
1284005824315064322,2020-07-17 06:03:38+00:00,49220693,@matcha_chai Use your words ? WTF does that mean,Use your words ? WTF does that mean,-1
1284014453621772288,2020-07-17 06:37:56+00:00,1223542484967591939,"@matcha_chai I say this as a BLM supporter, and am generally distrustful of government: This looks like bullshit. The guy getting arrested asks no questions, does not look surprised. The ""officers"" appear to be cosplay soldiers, and carry themselves like they're new to this sort of thing.","I say this as a BLM supporter, and am generally distrustful of government: This looks like bullshit. The guy getting arrested asks no questions, does not look surprised. The ""officers"" appear to be cosplay soldiers, and carry themselves like they're new to this sort of thing.",-1
1284019115200442368,2020-07-17 06:56:27+00:00,1046234190834851840,@matcha_chai Old enough to remember this sort of thing happening in Russia after Putin came along.,Old enough to remember this sort of thing happening in Russia after Putin came along.,-1
1284019797622050816,2020-07-17 06:59:10+00:00,1276999554299121665,"@matcha_chai #FascistTrump
 #Portland 

@CNN @CBSNews @NBCNews @ABC @nytimes @chicagotribune @latimes @MSNBC @DanRather

where are you????    SAVE PORTLAND

SOS - SAVE OUR SOULS         zzz","#FascistTrump
 #Portland 

        

where are you????    SAVE PORTLAND

SOS - SAVE OUR SOULS         zzz",-1
1284020036580057088,2020-07-17 07:00:07+00:00,2904792095,@matcha_chai @La_Bete_humaine Yep that sounds about right,Yep that sounds about right,-1
1284020087830114304,2020-07-17 07:00:19+00:00,3220072741,@matcha_chai ‚ÄúUse your words‚Äù Is she talking to a three year old? üòÇüòÇüòÇüòÇüòÇ,‚ÄúUse your words‚Äù Is she talking to a three year old? üòÇüòÇüòÇüòÇüòÇ,-1
1284023168626302976,2020-07-17 07:12:34+00:00,711394169080586240,@matcha_chai I'm sure it is for a reason you just dont know what in this world of ai we live in things that are done in the dark come out later,I'm sure it is for a reason you just dont know what in this world of ai we live in things that are done in the dark come out later,-1
1284031297673924609,2020-07-17 07:44:52+00:00,26748858,"@matcha_chai What the hell has gone wrong with America?

I know the answer: 'don john trump'.","What the hell has gone wrong with America?

I know the answer: 'don john trump'.",-1
1284034922303287297,2020-07-17 07:59:16+00:00,2955377910,@matcha_chai The Gestapo in America. This is totally unconstitutional.,The Gestapo in America. This is totally unconstitutional.,-1
1284035758517399552,2020-07-17 08:02:35+00:00,20353339,@matcha_chai @HaschVivian Cartel Style,Cartel Style,-1
1284040752566349825,2020-07-17 08:22:26+00:00,4330807227,"@matcha_chai That seems to be a put on act.  If so , the show is planting fear in people: there is no evidence of those people being ‚Äúfederal agents‚Äù, they are called that what I see may be a skit. Even the‚Äùrecording‚Äù may just be a show . Ask Barr?","That seems to be a put on act.  If so , the show is planting fear in people: there is no evidence of those people being ‚Äúfederal agents‚Äù, they are called that what I see may be a skit. Even the‚Äùrecording‚Äù may just be a show . Ask Barr?",-1
1284042504946348037,2020-07-17 08:29:24+00:00,1210437536343977985,@matcha_chai Why you hide this reply? https://t.co/N5hvLW5KfI,Why you hide this reply? https://t.co/N5hvLW5KfI,-1
1284043433070530567,2020-07-17 08:33:05+00:00,108333758,@matcha_chai This is what the 2nd amendment is for... just saying,This is what the 2nd amendment is for... just saying,-1
1284048412791496704,2020-07-17 08:52:52+00:00,1140862580048744449,"@matcha_chai He could be a agent, giving info to the police","He could be a agent, giving info to the police",-1
1284055758393335808,2020-07-17 09:22:04+00:00,1205246323705823232,@matcha_chai Where is Bill Barr?,Where is Bill Barr?,-1
1284080119355781121,2020-07-17 10:58:52+00:00,936192910923587584,@matcha_chai @ActDontReact Trumpworld. ‚ÄúLike a knife through better!‚Äù,Trumpworld. ‚ÄúLike a knife through better!‚Äù,-1
1284080303322079232,2020-07-17 10:59:36+00:00,936192910923587584,@matcha_chai @ActDontReact That‚Äôs straight up third world shit right there!,That‚Äôs straight up third world shit right there!,-1
1284080455097163776,2020-07-17 11:00:12+00:00,1227417825142284288,"@matcha_chai Mayor Wheeler says he doesn‚Äôt approve of this. Why isn‚Äôt he instructing the Portland police to follow and surround these vehicles, and make arrests? He has ultimate jurisdiction over the streets of Portland. POTUS doesn‚Äôt. Let Trump‚Äôs people guard the fed courthouse ‚Äî at gunpoint","Mayor Wheeler says he doesn‚Äôt approve of this. Why isn‚Äôt he instructing the Portland police to follow and surround these vehicles, and make arrests? He has ultimate jurisdiction over the streets of Portland. POTUS doesn‚Äôt. Let Trump‚Äôs people guard the fed courthouse ‚Äî at gunpoint",-1
1284080834631405570,2020-07-17 11:01:42+00:00,936192910923587584,@matcha_chai @ActDontReact And since when do Feds dress like that and use minivans?,And since when do Feds dress like that and use minivans?,-1
1284082745103220737,2020-07-17 11:09:18+00:00,936192910923587584,@matcha_chai Surrounding the van. Block it‚Äôs exit. If they injure somebody you document it and take your pick of top level attorneys ready to pounce on these morons. Feds don‚Äôt drive minivans with golf hats on the dash. Ever heard of Miranda?,Surrounding the van. Block it‚Äôs exit. If they injure somebody you document it and take your pick of top level attorneys ready to pounce on these morons. Feds don‚Äôt drive minivans with golf hats on the dash. Ever heard of Miranda?,-1
1284085630948069377,2020-07-17 11:20:46+00:00,4828407913,"@matcha_chai So uhh dude in black just stands there with his hands up? 

This looks more like LARPing than anything real. 

Maybe a designed to go viral tweet so the alt right can have a 'see ANTIFA is REAL and we are getting them'","So uhh dude in black just stands there with his hands up? 

This looks more like LARPing than anything real. 

Maybe a designed to go viral tweet so the alt right can have a 'see ANTIFA is REAL and we are getting them'",-1
1284087636823597059,2020-07-17 11:28:44+00:00,829101752943333377,@matcha_chai The fascist regime is upon us armed soldiers arresting civilians in the streets of America,The fascist regime is upon us armed soldiers arresting civilians in the streets of America,-1
1284091125066801157,2020-07-17 11:42:36+00:00,984056200953286656,@matcha_chai @11eatpraylove Where the fuck are we living? Why the fuck are stormtroopers on American streets? Who thinks this is normal?,Where the fuck are we living? Why the fuck are stormtroopers on American streets? Who thinks this is normal?,-1
1284092659678810115,2020-07-17 11:48:42+00:00,15723951,@matcha_chai @DarickR The Candlejackboots,The Candlejackboots,-1
1284112670958944258,2020-07-17 13:08:13+00:00,261336129,@matcha_chai No reason?,No reason?,-1
1284117880985051137,2020-07-17 13:28:55+00:00,360771828,@matcha_chai About TIME! Personal responsibility and the rule of law ...,About TIME! Personal responsibility and the rule of law ...,-1
1284118850666037254,2020-07-17 13:32:46+00:00,467213631,"@matcha_chai That‚Äôs way more fancy than the human traffic snatchers in portland. 
Watching people just disappear from the other side of the street is a surreal and confusing experience.","That‚Äôs way more fancy than the human traffic snatchers in portland. 
Watching people just disappear from the other side of the street is a surreal and confusing experience.",-1
1284119972206313473,2020-07-17 13:37:13+00:00,858804318815866880,@matcha_chai @AmmConservative How can anyone know what led to this on a 10 second video?,How can anyone know what led to this on a 10 second video?,-1
1284121700284551170,2020-07-17 13:44:05+00:00,1166524552312057856,"@matcha_chai Hi I‚Äôm Tim with ABC News. Did you take this video or otherwise own all rights to it? If so, do you agree to allow ABC News and its licensees to use and distribute it without restriction in all media? For full terms, see https://t.co/0yPG4QSMDb","Hi I‚Äôm Tim with ABC News. Did you take this video or otherwise own all rights to it? If so, do you agree to allow ABC News and its licensees to use and distribute it without restriction in all media? For full terms, see https://t.co/0yPG4QSMDb",-1
1284125675281018880,2020-07-17 13:59:53+00:00,2902968985,"@matcha_chai Where is this, who the F are they, what is happening... Trump is killing the USA","Where is this, who the F are they, what is happening... Trump is killing the USA",-1
1284126412287475717,2020-07-17 14:02:49+00:00,1244012428662312964,"@matcha_chai This video is a fake!! No cuffs, no zips! Give me a break","This video is a fake!! No cuffs, no zips! Give me a break",-1
1284128343403765760,2020-07-17 14:10:29+00:00,1429482654,@matcha_chai Stop being violent/destructive assholes. Don‚Äôt talk about rights when you are breaking laws daily. Want to be a 3rd world country? Portland looks like they do!,Stop being violent/destructive assholes. Don‚Äôt talk about rights when you are breaking laws daily. Want to be a 3rd world country? Portland looks like they do!,-1
1284130032793923584,2020-07-17 14:17:12+00:00,1013454451489812483,"@matcha_chai I‚Äôve seen people taken off his bicycles. This is a bad example, the guy is in a helmet.","I‚Äôve seen people taken off his bicycles. This is a bad example, the guy is in a helmet.",-1
1284131406545924096,2020-07-17 14:22:39+00:00,1207295729087270913,@matcha_chai Those two cops should have shot that thug protester and that whiny chick too,Those two cops should have shot that thug protester and that whiny chick too,-1
1284132849529098241,2020-07-17 14:28:24+00:00,2818128236,@matcha_chai You might think that if you only see a 5-second clip.,You might think that if you only see a 5-second clip.,-1
1284133165171445760,2020-07-17 14:29:39+00:00,554509031,"@matcha_chai How can you automatically say "" for no reason? Were you there? I'm sure they caught him doing something.","How can you automatically say "" for no reason? Were you there? I'm sure they caught him doing something.",-1
1284134743806603264,2020-07-17 14:35:55+00:00,285218010,"@matcha_chai Did I miss how its known these are federal officers, or law enforcement at all? I couldn't see or hear any identification, and the mini-van appears unmarked.","Did I miss how its known these are federal officers, or law enforcement at all? I couldn't see or hear any identification, and the mini-van appears unmarked.",-1
1284136402326900738,2020-07-17 14:42:31+00:00,14448498,@matcha_chai This is how terrorists are handled.,This is how terrorists are handled.,-1
1284136624150978560,2020-07-17 14:43:23+00:00,21234194,@matcha_chai @peterbakernyt Please use your influence to check this out.  This is outrageous if true.,Please use your influence to check this out.  This is outrageous if true.,-1
1284139378588164097,2020-07-17 14:54:20+00:00,1119015708560691201,@matcha_chai Who is nlg ? Soria ?,Who is nlg ? Soria ?,-1
1284140016214704130,2020-07-17 14:56:52+00:00,2675516420,"@matcha_chai good, keep it up!","good, keep it up!",-1
1284140435645104128,2020-07-17 14:58:32+00:00,2743467459,@matcha_chai These are impersonators that MUST BE CHALLENGED.,These are impersonators that MUST BE CHALLENGED.,-1
1284147429864910850,2020-07-17 15:26:20+00:00,562532128,"@matcha_chai They need probable cause, and they need to tell someone they are under arrest. This whittling away of civil rights must cease.","They need probable cause, and they need to tell someone they are under arrest. This whittling away of civil rights must cease.",-1
1284148113071104001,2020-07-17 15:29:03+00:00,1026878766449025024,"@matcha_chai Hi, did you take this video? I'm a video editor at The Washington Post and am working on a story about Portland protests. I'm looking for footage from last night (July 15). I was wondering if I can get your permission to use this clip. You will receive full credit.","Hi, did you take this video? I'm a video editor at The Washington Post and am working on a story about Portland protests. I'm looking for footage from last night (July 15). I was wondering if I can get your permission to use this clip. You will receive full credit.",-1
1284148626571370496,2020-07-17 15:31:05+00:00,605337752,"@matcha_chai I hope you got that license plate. Some questions:

(1) unofficial vehicle?

(2) military-type dress?

(3) failure to self-identify?

(4) failure to state reason for arrest?

(5) WAS it an arrest?

WHO ARE THOSE GUYS? WHERE DID THEY TAKE HIM?","I hope you got that license plate. Some questions:

(1) unofficial vehicle?

(2) military-type dress?

(3) failure to self-identify?

(4) failure to state reason for arrest?

(5) WAS it an arrest?

WHO ARE THOSE GUYS? WHERE DID THEY TAKE HIM?",-1
1284149658361749506,2020-07-17 15:35:11+00:00,1217626144196956160,@matcha_chai Why are terrorists surprised? https://t.co/emavOX34WQ,Why are terrorists surprised? https://t.co/emavOX34WQ,-1
1284158454471565312,2020-07-17 16:10:08+00:00,273871922,@matcha_chai The reason is being a fucking terrorist.,The reason is being a fucking terrorist.,-1
1284160580782350337,2020-07-17 16:18:35+00:00,3069279631,@matcha_chai Your Tweet was quoted in an article by @Refinery29  https://t.co/5a08ljobcY,Your Tweet was quoted in an article by   https://t.co/5a08ljobcY,-1
1284167583948656641,2020-07-17 16:46:25+00:00,24672319,@matcha_chai It‚Äôs very Putin-esque,It‚Äôs very Putin-esque,-1
1284167948354158593,2020-07-17 16:47:52+00:00,871165786022391808,@matcha_chai For no reason huh.,For no reason huh.,-1
1284168373144678400,2020-07-17 16:49:33+00:00,984213611663974400,@matcha_chai Feel free to share video from the 60 seconds prior to this incident. Seems like you were right there to capture it all.,Feel free to share video from the 60 seconds prior to this incident. Seems like you were right there to capture it all.,-1
1284174611677159426,2020-07-17 17:14:20+00:00,1308398197,@matcha_chai Taking terrorists off the streets of Portland. Reality is hitting.,Taking terrorists off the streets of Portland. Reality is hitting.,-1
1284174666068897793,2020-07-17 17:14:33+00:00,60614981,@matcha_chai Act like a terrorist. Be surprised when you're Gitmo'd. Zoomers everyone.,Act like a terrorist. Be surprised when you're Gitmo'd. Zoomers everyone.,-1
1284178852760166400,2020-07-17 17:31:12+00:00,4890316755,@matcha_chai Hi there! I'm a journalist at PBS @NewsHour. We're doing a broadcast story tonight on what's been happening in Portland (the protests + federal response). Would we be able to use this video on our show tonight? We would be happy to credit you.,Hi there! I'm a journalist at PBS . We're doing a broadcast story tonight on what's been happening in Portland (the protests + federal response). Would we be able to use this video on our show tonight? We would be happy to credit you.,-1
1284180912456990740,2020-07-17 17:39:23+00:00,4161038488,@matcha_chai DeFuNd ThE pOLiCe!,DeFuNd ThE pOLiCe!,-1
1284193211674537986,2020-07-17 18:28:15+00:00,2160252974,@matcha_chai Goddamn,Goddamn,-1
1284198659274477568,2020-07-17 18:49:54+00:00,1075833663298957312,@matcha_chai Did you film this? What happened before? Any context as to why they went after this particular person while walking past the person filming and the other person dressed in black?,Did you film this? What happened before? Any context as to why they went after this particular person while walking past the person filming and the other person dressed in black?,-1
1284202436895408130,2020-07-17 19:04:54+00:00,1281288797540495360,@matcha_chai For no reason? I‚Äôm sure.....,For no reason? I‚Äôm sure.....,-1
1284204353369157632,2020-07-17 19:12:31+00:00,1275534028607610880,"@matcha_chai Haha that's what you get! Can't wait til they round up all y'all, and you wake up in Guantanamo Bay.","Haha that's what you get! Can't wait til they round up all y'all, and you wake up in Guantanamo Bay.",-1
1284205153004990467,2020-07-17 19:15:42+00:00,823604524849971200,"@matcha_chai Muh riots, reeeeeeeeeee!","Muh riots, reeeeeeeeeee!",-1
1284207774780596230,2020-07-17 19:26:07+00:00,20148675,@matcha_chai Apparently not for no reason.,Apparently not for no reason.,-1
1284207990602686470,2020-07-17 19:26:59+00:00,170921335,"@matcha_chai This is 100% fake.  If people are going to stage these things for a point, say it is ""like"" this, but this is blatant","This is 100% fake.  If people are going to stage these things for a point, say it is ""like"" this, but this is blatant",-1
1284210114979864576,2020-07-17 19:35:25+00:00,1055420859836448768,@matcha_chai Can you imagine these little shitbags in jail,Can you imagine these little shitbags in jail,-1
1284211898418855940,2020-07-17 19:42:30+00:00,3922164377,"@matcha_chai You meant to say, ""...for no reason that I'm aware of."" Use your big boi/big xhe sentences.

You can go ahead and hide this reply now. ü§£","You meant to say, ""...for no reason that I'm aware of."" Use your big boi/big xhe sentences.

You can go ahead and hide this reply now. ü§£",-1
1284214609046499328,2020-07-17 19:53:17+00:00,328899288,@matcha_chai @Hertz @Avis @ThriftyCars @Enterprise @Alamo @Budget do you know that your cars are being used in Portland in dangerous stunts like this by unmarked agents? Which of you will pledge to ask renters to disclose if they‚Äôre from @DHS? Don‚Äôt allow your cars to be damaged. #Portland,do you know that your cars are being used in Portland in dangerous stunts like this by unmarked agents? Which of you will pledge to ask renters to disclose if they‚Äôre from ? Don‚Äôt allow your cars to be damaged. #Portland,-1
1284214630857019393,2020-07-17 19:53:22+00:00,1283510529294848000,@matcha_chai There was a reason. Stop lying. Also what does the guy expect when he's dressed in full black combat gear. He's obviously looking for some trouble and lo and behold he sounded. I think the best thing to do would be for you guys to go home.,There was a reason. Stop lying. Also what does the guy expect when he's dressed in full black combat gear. He's obviously looking for some trouble and lo and behold he sounded. I think the best thing to do would be for you guys to go home.,-1
1284215245548871680,2020-07-17 19:55:48+00:00,27648921,@matcha_chai Can u also arrest the annoying bolshevik squealing behind the camera?,Can u also arrest the annoying bolshevik squealing behind the camera?,-1
1284217311381975040,2020-07-17 20:04:01+00:00,3031830960,@matcha_chai deeply saddened,deeply saddened,-1
1284219563605782528,2020-07-17 20:12:58+00:00,191321236,@matcha_chai No reason - how would you know? You don't know what crimes that fool may have committed. You chair anarchists are total morons. BTW - Homeland Security military guys don't need your permission. Go live in a better country of your choice - good luck! Fucktard.,No reason - how would you know? You don't know what crimes that fool may have committed. You chair anarchists are total morons. BTW - Homeland Security military guys don't need your permission. Go live in a better country of your choice - good luck! Fucktard.,-1
1284219788613517313,2020-07-17 20:13:51+00:00,1248681597236318211,@matcha_chai Domestic terrorists have no rights. Play time is over.,Domestic terrorists have no rights. Play time is over.,-1
1284220937081167873,2020-07-17 20:18:25+00:00,1031573904417083392,@matcha_chai Good round up these criminal anarchist/children and put a stop to this garbage,Good round up these criminal anarchist/children and put a stop to this garbage,-1
1284221013300064256,2020-07-17 20:18:43+00:00,3069279631,@matcha_chai Your Tweet was quoted in an article by @DailyCaller  https://t.co/tTfP7CMLkD,Your Tweet was quoted in an article by   https://t.co/tTfP7CMLkD,-1
1284223057918222336,2020-07-17 20:26:51+00:00,3606249972,@matcha_chai It's nothing short of fucking Kidnapping!,It's nothing short of fucking Kidnapping!,-1
1284227925202485248,2020-07-17 20:46:11+00:00,1114570338963152897,"@matcha_chai Good. It's time to start enforcing the law, and reclaim the streets for the law abiding majority. üëç","Good. It's time to start enforcing the law, and reclaim the streets for the law abiding majority. üëç",-1
1284228745088335872,2020-07-17 20:49:27+00:00,51920761,@matcha_chai They didn't even handcuff him.  He just put his hands behind his back and kept them there.  Fishy very fishy.,They didn't even handcuff him.  He just put his hands behind his back and kept them there.  Fishy very fishy.,-1
1284230603240542209,2020-07-17 20:56:50+00:00,867588566288916480,@matcha_chai I hope this protester disappears,I hope this protester disappears,-1
1284231215659331586,2020-07-17 20:59:16+00:00,823327481893711877,@matcha_chai maybe you should call the police?,maybe you should call the police?,-1
1284232325853634560,2020-07-17 21:03:41+00:00,1939885776,@matcha_chai Yay. Do it some more. Arrest all of them.,Yay. Do it some more. Arrest all of them.,-1
1284233035722952704,2020-07-17 21:06:30+00:00,2490328020,@matcha_chai They just retrieved an infiltrated officer - that explained the soft treatment.,They just retrieved an infiltrated officer - that explained the soft treatment.,-1
1284233380406497286,2020-07-17 21:07:52+00:00,823360908759945216,@matcha_chai This is Pinochet level shit.,This is Pinochet level shit.,-1
1284234360045080577,2020-07-17 21:11:46+00:00,930767104629932032,"@matcha_chai Hi there I work for CBS News, I hope you're safe! Can we use this video? Here are our terms: CBS News seeks permission, which may not be revoked, to use your material on all platforms (plus affiliates and international) on all media, worldwide, in perpetuity. Do you agree?","Hi there I work for CBS News, I hope you're safe! Can we use this video? Here are our terms: CBS News seeks permission, which may not be revoked, to use your material on all platforms (plus affiliates and international) on all media, worldwide, in perpetuity. Do you agree?",-1
1284235051857858563,2020-07-17 21:14:30+00:00,1140020085517692928,@matcha_chai Why isn‚Äôt this being shown on CNN or MSNBC.  Where are the news cameras?,Why isn‚Äôt this being shown on CNN or MSNBC.  Where are the news cameras?,-1
1284236690924515328,2020-07-17 21:21:01+00:00,219894422,@matcha_chai Totalitarian Marxists groups like Antifa and BLM are terrorists and need to be removed from the streets to prevent harm to law-abiding citizenry. Period.,Totalitarian Marxists groups like Antifa and BLM are terrorists and need to be removed from the streets to prevent harm to law-abiding citizenry. Period.,-1
1284239905523023872,2020-07-17 21:33:48+00:00,792517386792382464,"@matcha_chai These the ""Brown Shirts"" or the ones in the black uniforms with the two silver Flash's on the collars ?Donny Babe been reading ( sic) Mein Kampf ? What a NASTY Person .","These the ""Brown Shirts"" or the ones in the black uniforms with the two silver Flash's on the collars ?Donny Babe been reading ( sic) Mein Kampf ? What a NASTY Person .",-1
1284242810548490241,2020-07-17 21:45:20+00:00,346874432,@matcha_chai Did anyone get their name? I feel like we need to make sure they‚Äôre released. I could see them disappearing pretty easily.,Did anyone get their name? I feel like we need to make sure they‚Äôre released. I could see them disappearing pretty easily.,-1
1284245969731833857,2020-07-17 21:57:53+00:00,140571081,"@matcha_chai Trump the tyrant violating the United States constitutional rights of Americans citizens , there many similarities between This government and Iran,s governments","Trump the tyrant violating the United States constitutional rights of Americans citizens , there many similarities between This government and Iran,s governments",-1
1284250660662390784,2020-07-17 22:16:32+00:00,135876300,@matcha_chai Good so the good force is at work f u Darth Vader,Good so the good force is at work f u Darth Vader,-1
1284252616818597889,2020-07-17 22:24:18+00:00,2366664962,@matcha_chai Love this approach,Love this approach,-1
1284254790537666560,2020-07-17 22:32:57+00:00,3421202043,@matcha_chai üòÇüòÇüòÇüòÇ ‚ÄúUse Your Words‚Äù üòÇüòÇüòÇ Who the Fck do these #Snowflakes think they are talking to one of their little buddies!?   Your #Commie friend was wanted and you don‚Äôt need know it either.  It‚Äôs not your right! #BLMTerroristMarxists #AntifaTerrorists #ArrestAllProtesters,üòÇüòÇüòÇüòÇ ‚ÄúUse Your Words‚Äù üòÇüòÇüòÇ Who the Fck do these #Snowflakes think they are talking to one of their little buddies!?   Your #Commie friend was wanted and you don‚Äôt need know it either.  It‚Äôs not your right! #BLMTerroristMarxists #AntifaTerrorists #ArrestAllProtesters,-1
1284255654564237313,2020-07-17 22:36:23+00:00,492445688,@matcha_chai Yeah. How cool was that !!,Yeah. How cool was that !!,-1
1284257519549001728,2020-07-17 22:43:47+00:00,2705075677,"@matcha_chai All I see here is a peacefully handled arrest.  What is the context of the situation? What happened prior?

If a crime/violent act was committed (or if this person had committed one in the past and had only just been caught), what about this is unsettling?","All I see here is a peacefully handled arrest.  What is the context of the situation? What happened prior?

If a crime/violent act was committed (or if this person had committed one in the past and had only just been caught), what about this is unsettling?",-1
1284261392732676096,2020-07-17 22:59:11+00:00,1092879845380390912,@matcha_chai Good.,Good.,-1
1284263956270288896,2020-07-17 23:09:22+00:00,1087750195994152964,"@matcha_chai Good, Terrorist have to be taken off the streets of America before they burn More buildings down payed for by the American citizens !","Good, Terrorist have to be taken off the streets of America before they burn More buildings down payed for by the American citizens !",-1
1284266850734546945,2020-07-17 23:20:52+00:00,35307120,@matcha_chai Use your words ü§£ ok Karen...ain‚Äôt getting him out honey....that‚Äôs the feds,Use your words ü§£ ok Karen...ain‚Äôt getting him out honey....that‚Äôs the feds,-1
1284271577413099521,2020-07-17 23:39:39+00:00,247029251,@matcha_chai This is why citizens should carry assault rifles.,This is why citizens should carry assault rifles.,-1
1284272083099418624,2020-07-17 23:41:39+00:00,365825606,@matcha_chai Awesome!! Take them all to the hot house,Awesome!! Take them all to the hot house,-1
1284273244523167744,2020-07-17 23:46:16+00:00,1275050966711250944,"@matcha_chai well..
dont go around looting..","well..
dont go around looting..",-1
1284274444278562817,2020-07-17 23:51:02+00:00,1181259839806332929,"@matcha_chai Barr &amp; DHS are flexing their muscles &amp; flaunting the rules. 

This is how it starts. Slowly. One city. Then the next. Then one more. It's just the beginning.

They're testing how far they can go, before people fight back. Giving us the middle finger &amp; daring us to stop them.","Barr & DHS are flexing their muscles & flaunting the rules. 

This is how it starts. Slowly. One city. Then the next. Then one more. It's just the beginning.

They're testing how far they can go, before people fight back. Giving us the middle finger & daring us to stop them.",-1
